<?xml version="1.0" encoding="UTF-8"?>
<PeakList>
  <PeakList1D>
    <PeakList1DHeader creator="nmr" date="2023-01-09T19:53:54.840+01:00" expNo="31" name="tschneider176823_SCH-185-WU" owner="" procNo="1" source="D:/Daten/AK Theato/data/AKT_user/nmr">
      <PeakPickDetails>F1=16.092230ppm, F2=-3.924807ppm, MI=0.00cm, MAXI=10000.00cm, PC=1.000
      </PeakPickDetails>
    </PeakList1DHeader>
    <Peak1D F1="14.312321" intensity="6.760613e-003" type="0"/>
    <Peak1D F1="12.995215" intensity="7.406254e-003" type="0"/>
    <Peak1D F1="9.732359" intensity="5.032613e-002" type="0"/>
    <Peak1D F1="9.728984" intensity="9.110215e-002" type="0"/>
    <Peak1D F1="9.725806" intensity="4.975860e-002" type="0"/>
    <Peak1D F1="9.708929" intensity="1.416911e-002" type="0"/>
    <Peak1D F1="9.525754" intensity="2.522161e-002" type="0"/>
    <Peak1D F1="9.508113" intensity="2.157190e-002" type="0"/>
    <Peak1D F1="8.014569" intensity="7.008970e-003" type="0"/>
    <Peak1D F1="7.813985" intensity="7.078174e-003" type="0"/>
    <Peak1D F1="7.638703" intensity="6.479315e-003" type="0"/>
    <Peak1D F1="7.604932" intensity="6.426892e-003" type="0"/>
    <Peak1D F1="7.553840" intensity="6.680031e-003" type="0"/>
    <Peak1D F1="7.477556" intensity="7.717506e-003" type="0"/>
    <Peak1D F1="7.453941" intensity="3.725377e-002" type="0"/>
    <Peak1D F1="7.439574" intensity="1.191431e-002" type="0"/>
    <Peak1D F1="7.418202" intensity="9.051132e-003" type="0"/>
    <Peak1D F1="7.406325" intensity="7.829438e-003" type="0"/>
    <Peak1D F1="7.351722" intensity="1.235771e-002" type="0"/>
    <Peak1D F1="7.306814" intensity="2.636565e-002" type="0"/>
    <Peak1D F1="7.286087" intensity="1.292450e-001" type="0"/>
    <Peak1D F1="7.282443" intensity="8.724763e-002" type="0"/>
    <Peak1D F1="7.267036" intensity="8.864304e-001" type="0"/>
    <Peak1D F1="7.260638" intensity="1.035011e+000" type="0"/>
    <Peak1D F1="7.252928" intensity="3.994717e+000" type="0"/>
    <Peak1D F1="7.243959" intensity="2.459159e-001" type="0"/>
    <Peak1D F1="7.239666" intensity="2.649218e-001" type="0"/>
    <Peak1D F1="7.235307" intensity="1.373828e-001" type="0"/>
    <Peak1D F1="7.222200" intensity="2.553017e-001" type="0"/>
    <Peak1D F1="7.216011" intensity="2.648063e-001" type="0"/>
    <Peak1D F1="7.195075" intensity="5.864840e+000" type="0"/>
    <Peak1D F1="7.179273" intensity="7.087110e-002" type="0"/>
    <Peak1D F1="7.145944" intensity="7.057949e-003" type="0"/>
    <Peak1D F1="7.067155" intensity="8.190170e-003" type="0"/>
    <Peak1D F1="7.040200" intensity="7.693257e-003" type="0"/>
    <Peak1D F1="6.931109" intensity="3.417351e-002" type="0"/>
    <Peak1D F1="6.925982" intensity="6.386158e-003" type="0"/>
    <Peak1D F1="6.816106" intensity="6.894534e-003" type="0"/>
    <Peak1D F1="6.787757" intensity="8.036484e-003" type="0"/>
    <Peak1D F1="6.732924" intensity="6.735209e-003" type="0"/>
    <Peak1D F1="6.685321" intensity="7.598054e-003" type="0"/>
    <Peak1D F1="6.631896" intensity="9.092590e-003" type="0"/>
    <Peak1D F1="6.604039" intensity="8.149480e-003" type="0"/>
    <Peak1D F1="6.581948" intensity="1.019423e-002" type="0"/>
    <Peak1D F1="6.537957" intensity="8.043960e-003" type="0"/>
    <Peak1D F1="6.486717" intensity="8.775058e-003" type="0"/>
    <Peak1D F1="6.434589" intensity="1.904524e-002" type="0"/>
    <Peak1D F1="6.415227" intensity="2.596875e-002" type="0"/>
    <Peak1D F1="6.411335" intensity="2.663280e-002" type="0"/>
    <Peak1D F1="6.393684" intensity="1.143592e-002" type="0"/>
    <Peak1D F1="6.359153" intensity="1.357037e-002" type="0"/>
    <Peak1D F1="6.344009" intensity="1.328508e-002" type="0"/>
    <Peak1D F1="6.318625" intensity="2.134578e-002" type="0"/>
    <Peak1D F1="6.300386" intensity="1.982581e-002" type="0"/>
    <Peak1D F1="6.294938" intensity="1.981964e-002" type="0"/>
    <Peak1D F1="6.276958" intensity="1.760282e-002" type="0"/>
    <Peak1D F1="6.253932" intensity="3.226639e-002" type="0"/>
    <Peak1D F1="6.207395" intensity="1.940491e-002" type="0"/>
    <Peak1D F1="6.196253" intensity="1.268080e-002" type="0"/>
    <Peak1D F1="6.178992" intensity="1.413083e-002" type="0"/>
    <Peak1D F1="6.159223" intensity="1.304221e-002" type="0"/>
    <Peak1D F1="6.103061" intensity="1.627093e-002" type="0"/>
    <Peak1D F1="6.082272" intensity="1.690635e-002" type="0"/>
    <Peak1D F1="6.055886" intensity="2.114993e-002" type="0"/>
    <Peak1D F1="6.040546" intensity="2.690865e-002" type="0"/>
    <Peak1D F1="6.030289" intensity="3.106652e-002" type="0"/>
    <Peak1D F1="6.014486" intensity="3.647130e-002" type="0"/>
    <Peak1D F1="5.998745" intensity="3.580738e-002" type="0"/>
    <Peak1D F1="5.980576" intensity="3.172342e-002" type="0"/>
    <Peak1D F1="5.972415" intensity="3.179178e-002" type="0"/>
    <Peak1D F1="5.958738" intensity="2.928839e-002" type="0"/>
    <Peak1D F1="5.878313" intensity="2.110919e-001" type="0"/>
    <Peak1D F1="5.864017" intensity="1.341780e+000" type="0"/>
    <Peak1D F1="5.850085" intensity="2.357387e+000" type="0"/>
    <Peak1D F1="5.837447" intensity="2.492402e+000" type="0"/>
    <Peak1D F1="5.822178" intensity="3.339025e+000" type="0"/>
    <Peak1D F1="5.807668" intensity="3.465914e+000" type="0"/>
    <Peak1D F1="5.800436" intensity="1.553718e+000" type="0"/>
    <Peak1D F1="5.794534" intensity="2.770586e+000" type="0"/>
    <Peak1D F1="5.781051" intensity="2.838127e+000" type="0"/>
    <Peak1D F1="5.767360" intensity="1.365404e+000" type="0"/>
    <Peak1D F1="5.731140" intensity="9.911537e-003" type="0"/>
    <Peak1D F1="5.655780" intensity="1.704121e-002" type="0"/>
    <Peak1D F1="5.639303" intensity="1.971626e-002" type="0"/>
    <Peak1D F1="5.626924" intensity="2.553276e-002" type="0"/>
    <Peak1D F1="5.611608" intensity="2.456604e-002" type="0"/>
    <Peak1D F1="5.597538" intensity="2.155171e-002" type="0"/>
    <Peak1D F1="5.584422" intensity="2.465205e-002" type="0"/>
    <Peak1D F1="5.548972" intensity="1.273128e-002" type="0"/>
    <Peak1D F1="5.500368" intensity="1.430917e-002" type="0"/>
    <Peak1D F1="5.482937" intensity="1.471504e-002" type="0"/>
    <Peak1D F1="5.463719" intensity="1.669873e-002" type="0"/>
    <Peak1D F1="5.455266" intensity="1.751426e-002" type="0"/>
    <Peak1D F1="5.425395" intensity="1.744681e-002" type="0"/>
    <Peak1D F1="5.396414" intensity="5.408758e-002" type="0"/>
    <Peak1D F1="5.357410" intensity="5.265768e-002" type="0"/>
    <Peak1D F1="5.313595" intensity="3.876112e-002" type="0"/>
    <Peak1D F1="5.289619" intensity="7.386912e-002" type="0"/>
    <Peak1D F1="5.259806" intensity="9.355931e-002" type="0"/>
    <Peak1D F1="5.208429" intensity="6.801411e+000" type="0"/>
    <Peak1D F1="5.204874" intensity="6.815233e+000" type="0"/>
    <Peak1D F1="5.165367" intensity="5.939678e+000" type="0"/>
    <Peak1D F1="5.161803" intensity="5.934262e+000" type="0"/>
    <Peak1D F1="5.117487" intensity="9.835492e-001" type="0"/>
    <Peak1D F1="5.114334" intensity="1.160050e+000" type="0"/>
    <Peak1D F1="5.110161" intensity="1.106984e+000" type="0"/>
    <Peak1D F1="5.092723" intensity="6.648001e+000" type="0"/>
    <Peak1D F1="5.079964" intensity="1.489868e+000" type="0"/>
    <Peak1D F1="5.068049" intensity="5.553879e+000" type="0"/>
    <Peak1D F1="5.013283" intensity="3.914130e-002" type="0"/>
    <Peak1D F1="4.966585" intensity="2.256438e-002" type="0"/>
    <Peak1D F1="4.894081" intensity="3.713806e-002" type="0"/>
    <Peak1D F1="4.868063" intensity="3.410270e-002" type="0"/>
    <Peak1D F1="4.801955" intensity="7.633253e-003" type="0"/>
    <Peak1D F1="4.782949" intensity="8.514849e-003" type="0"/>
    <Peak1D F1="4.754153" intensity="7.666978e-003" type="0"/>
    <Peak1D F1="4.738851" intensity="7.979433e-003" type="0"/>
    <Peak1D F1="4.707553" intensity="8.907732e-003" type="0"/>
    <Peak1D F1="4.643848" intensity="2.296111e-002" type="0"/>
    <Peak1D F1="4.632997" intensity="2.045770e-002" type="0"/>
    <Peak1D F1="4.617653" intensity="2.226664e-002" type="0"/>
    <Peak1D F1="4.588375" intensity="1.601709e-002" type="0"/>
    <Peak1D F1="4.563528" intensity="1.657945e-002" type="0"/>
    <Peak1D F1="4.536182" intensity="1.837070e-002" type="0"/>
    <Peak1D F1="4.499578" intensity="3.992535e-002" type="0"/>
    <Peak1D F1="4.468669" intensity="2.867833e+000" type="0"/>
    <Peak1D F1="4.438831" intensity="2.833823e-002" type="0"/>
    <Peak1D F1="4.428675" intensity="1.798924e-002" type="0"/>
    <Peak1D F1="4.416849" intensity="2.313453e-002" type="0"/>
    <Peak1D F1="4.406453" intensity="1.845994e-002" type="0"/>
    <Peak1D F1="4.355134" intensity="1.885816e-002" type="0"/>
    <Peak1D F1="4.323244" intensity="2.319966e-002" type="0"/>
    <Peak1D F1="4.307597" intensity="2.332282e-002" type="0"/>
    <Peak1D F1="4.289324" intensity="3.690329e-002" type="0"/>
    <Peak1D F1="4.209538" intensity="3.011990e-002" type="0"/>
    <Peak1D F1="4.176629" intensity="3.453227e-002" type="0"/>
    <Peak1D F1="4.163179" intensity="3.654057e-002" type="0"/>
    <Peak1D F1="4.093219" intensity="1.311341e-001" type="0"/>
    <Peak1D F1="4.079609" intensity="1.188244e-001" type="0"/>
    <Peak1D F1="4.053069" intensity="5.884398e-002" type="0"/>
    <Peak1D F1="4.017342" intensity="8.831124e-002" type="0"/>
    <Peak1D F1="4.001441" intensity="1.011763e-001" type="0"/>
    <Peak1D F1="3.943828" intensity="1.739438e+000" type="0"/>
    <Peak1D F1="3.919900" intensity="1.500000e+001" type="0"/>
    <Peak1D F1="3.906902" intensity="1.449659e+001" type="0"/>
    <Peak1D F1="3.877059" intensity="4.210019e-001" type="0"/>
    <Peak1D F1="3.872543" intensity="4.238051e-001" type="0"/>
    <Peak1D F1="3.868016" intensity="3.897440e-001" type="0"/>
    <Peak1D F1="3.864053" intensity="3.399712e-001" type="0"/>
    <Peak1D F1="3.858973" intensity="3.076398e-001" type="0"/>
    <Peak1D F1="3.846105" intensity="1.388717e-001" type="0"/>
    <Peak1D F1="3.814412" intensity="1.858501e-002" type="0"/>
    <Peak1D F1="3.741676" intensity="1.939282e-001" type="0"/>
    <Peak1D F1="3.730584" intensity="1.987931e-001" type="0"/>
    <Peak1D F1="3.708426" intensity="2.246903e-001" type="0"/>
    <Peak1D F1="3.698886" intensity="3.786000e-001" type="0"/>
    <Peak1D F1="3.687032" intensity="3.569582e-001" type="0"/>
    <Peak1D F1="3.682359" intensity="3.449310e-001" type="0"/>
    <Peak1D F1="3.668923" intensity="5.548289e-001" type="0"/>
    <Peak1D F1="3.660255" intensity="5.707455e-001" type="0"/>
    <Peak1D F1="3.640238" intensity="6.862155e-001" type="0"/>
    <Peak1D F1="3.630595" intensity="6.839165e-001" type="0"/>
    <Peak1D F1="3.624758" intensity="6.896901e-001" type="0"/>
    <Peak1D F1="3.619553" intensity="7.870970e-001" type="0"/>
    <Peak1D F1="3.613946" intensity="9.257355e-001" type="0"/>
    <Peak1D F1="3.602210" intensity="1.900722e+000" type="0"/>
    <Peak1D F1="3.567407" intensity="1.006544e+001" type="0"/>
    <Peak1D F1="3.560625" intensity="9.045316e+000" type="0"/>
    <Peak1D F1="3.535172" intensity="3.938381e+000" type="0"/>
    <Peak1D F1="3.527317" intensity="4.010353e+000" type="0"/>
    <Peak1D F1="3.520789" intensity="4.135684e+000" type="0"/>
    <Peak1D F1="3.506104" intensity="6.377055e+000" type="0"/>
    <Peak1D F1="3.483302" intensity="4.061044e+000" type="0"/>
    <Peak1D F1="3.474152" intensity="5.955165e+000" type="0"/>
    <Peak1D F1="3.449255" intensity="1.299509e+000" type="0"/>
    <Peak1D F1="3.442308" intensity="1.483305e+000" type="0"/>
    <Peak1D F1="3.426928" intensity="2.960482e+000" type="0"/>
    <Peak1D F1="3.412269" intensity="4.854080e+000" type="0"/>
    <Peak1D F1="3.401034" intensity="5.720558e+000" type="0"/>
    <Peak1D F1="3.387179" intensity="4.236419e+000" type="0"/>
    <Peak1D F1="3.372516" intensity="1.419404e+000" type="0"/>
    <Peak1D F1="3.296121" intensity="2.901864e-002" type="0"/>
    <Peak1D F1="3.264180" intensity="7.513697e-003" type="0"/>
    <Peak1D F1="3.246990" intensity="1.492246e-002" type="0"/>
    <Peak1D F1="3.234235" intensity="2.222355e-002" type="0"/>
    <Peak1D F1="3.221258" intensity="2.362590e-002" type="0"/>
    <Peak1D F1="3.209454" intensity="1.828378e-002" type="0"/>
    <Peak1D F1="2.671430" intensity="2.352799e-002" type="0"/>
    <Peak1D F1="2.650688" intensity="4.773342e-002" type="0"/>
    <Peak1D F1="2.625337" intensity="4.086957e-002" type="0"/>
    <Peak1D F1="2.581396" intensity="1.338175e-002" type="0"/>
    <Peak1D F1="2.428770" intensity="2.721761e-002" type="0"/>
    <Peak1D F1="2.425351" intensity="2.508081e-002" type="0"/>
    <Peak1D F1="2.410341" intensity="7.074417e-002" type="0"/>
    <Peak1D F1="2.407022" intensity="6.789713e-002" type="0"/>
    <Peak1D F1="2.391860" intensity="6.978127e-002" type="0"/>
    <Peak1D F1="2.388576" intensity="7.203693e-002" type="0"/>
    <Peak1D F1="2.373437" intensity="2.813034e-002" type="0"/>
    <Peak1D F1="2.370379" intensity="3.231844e-002" type="0"/>
    <Peak1D F1="2.303230" intensity="6.784249e-003" type="0"/>
    <Peak1D F1="2.266748" intensity="8.537318e-003" type="0"/>
    <Peak1D F1="2.252680" intensity="9.766448e-003" type="0"/>
    <Peak1D F1="2.203499" intensity="1.300763e-002" type="0"/>
    <Peak1D F1="2.167404" intensity="1.401949e-002" type="0"/>
    <Peak1D F1="2.149400" intensity="1.977655e-002" type="0"/>
    <Peak1D F1="2.129402" intensity="1.429287e-002" type="0"/>
    <Peak1D F1="2.116864" intensity="1.243271e-002" type="0"/>
    <Peak1D F1="2.096021" intensity="1.594851e-002" type="0"/>
    <Peak1D F1="2.076248" intensity="1.666782e-002" type="0"/>
    <Peak1D F1="2.059756" intensity="1.602248e-002" type="0"/>
    <Peak1D F1="2.035731" intensity="1.678708e-002" type="0"/>
    <Peak1D F1="2.028707" intensity="1.813487e-002" type="0"/>
    <Peak1D F1="2.000369" intensity="1.469271e-001" type="0"/>
    <Peak1D F1="1.977851" intensity="3.231500e-002" type="0"/>
    <Peak1D F1="1.964769" intensity="2.424133e-002" type="0"/>
    <Peak1D F1="1.949413" intensity="2.837661e-002" type="0"/>
    <Peak1D F1="1.904094" intensity="2.686428e-002" type="0"/>
    <Peak1D F1="1.885577" intensity="2.900777e-002" type="0"/>
    <Peak1D F1="1.756422" intensity="4.176685e-002" type="0"/>
    <Peak1D F1="1.737496" intensity="4.410608e-002" type="0"/>
    <Peak1D F1="1.694675" intensity="4.129700e-002" type="0"/>
    <Peak1D F1="1.605592" intensity="3.255193e-002" type="0"/>
    <Peak1D F1="1.557205" intensity="4.247647e-002" type="0"/>
    <Peak1D F1="1.480097" intensity="1.673281e-002" type="0"/>
    <Peak1D F1="1.427915" intensity="1.348656e-002" type="0"/>
    <Peak1D F1="1.362712" intensity="4.530868e-002" type="0"/>
    <Peak1D F1="1.348906" intensity="1.457900e-002" type="0"/>
    <Peak1D F1="1.331652" intensity="1.256832e-002" type="0"/>
    <Peak1D F1="1.257320" intensity="3.498570e-002" type="0"/>
    <Peak1D F1="1.241630" intensity="5.293018e-002" type="0"/>
    <Peak1D F1="1.223035" intensity="6.696454e-002" type="0"/>
    <Peak1D F1="1.185351" intensity="1.344553e-001" type="0"/>
    <Peak1D F1="1.104522" intensity="8.098396e-003" type="0"/>
    <Peak1D F1="1.063504" intensity="1.326117e-001" type="0"/>
    <Peak1D F1="1.045107" intensity="2.566925e-001" type="0"/>
    <Peak1D F1="1.026694" intensity="1.261040e-001" type="0"/>
    <Peak1D F1="0.892546" intensity="7.613749e-003" type="0"/>
    <Peak1D F1="0.872944" intensity="1.710023e-002" type="0"/>
    <Peak1D F1="0.827538" intensity="3.608712e-002" type="0"/>
    <Peak1D F1="0.811561" intensity="5.070165e-002" type="0"/>
    <Peak1D F1="0.792925" intensity="2.206690e-002" type="0"/>
    <Peak1D F1="0.145266" intensity="7.857265e-003" type="0"/>
    <Peak1D F1="0.008455" intensity="6.922594e-002" type="0"/>
    <Peak1D F1="-0.000154" intensity="1.575959e+000" type="0"/>
    <Peak1D F1="-0.009086" intensity="5.504662e-002" type="0"/>
    <Peak1D F1="-0.025372" intensity="8.423819e-003" type="0"/>
    <Peak1D F1="-2.876313" intensity="6.489607e-003" type="0"/>
  </PeakList1D>
</PeakList>
